Label,# Samples,Average,Min,Max,Std. Dev.,Error %,Throughput,Received KB/sec,Sent KB/sec,Avg. Bytes
Frontend,20000,331,74,16338,1174.26,0.000%,74.54759,84.81,9.83,1165.0
User Management,20000,225,1,15848,328.99,0.030%,74.61545,49.20,43.42,675.2
"""ATL"" Data Management",20000,299,79,16555,930.06,0.000%,74.70771,85.14,40.05,1167.0
"""AGPT"" Data Management",20000,217,75,2183,96.72,0.000%,74.85814,84.58,40.79,1157.0
"""PF"" Data Management",20000,216,74,6749,128.15,0.000%,75.01228,83.36,40.36,1138.0
TOTAL,100000,258,1,16555,691.29,0.006%,372.21213,385.46,173.67,1060.4
